<application>
  <component name="LafManager">
    <laf themeId="com.github.catppuccin.macchiato.jetbrains" />
    <lafs-to-previous-schemes>
      <laf-to-scheme laf="4b6007f7-b596-4ee2-96f9-968d3d3eb392" scheme="_@user_Catppuccin Macchiato (no italics)" />
      <laf-to-scheme laf="com.github.catppuccin.frappe.jetbrains" scheme="_@user_Catppuccin Frappé (no italics)" />
      <laf-to-scheme laf="com.github.catppuccin.macchiato.jetbrains" scheme="_@user_Catppuccin Macchiato (no italics)" />
      <laf-to-scheme laf="com.github.catppuccin.mocha.jetbrains" scheme="_@user_Catppuccin Mocha (no italics)" />
    </lafs-to-previous-schemes>
  </component>
</application>