<application>
  <component name="MaterialThemeNewConfig">
    <option name="accentState">
      <MTAccentConfigState>
        <option name="accentColorHex" value="c6a0f6" />
      </MTAccentConfigState>
    </option>
    <option name="favoriteThemesState">
      <MTFavoriteThemesConfigState>
        <option name="favoriteThemes">
          <map>
            <entry key="1a92aa6f-c2f1-4994-ae01-6a78e43eeb24">
              <value>
                <MTFavoriteTheme />
              </value>
            </entry>
            <entry key="4b6007f7-b596-4ee2-96f9-968d3d3eb392">
              <value>
                <MTFavoriteTheme />
              </value>
            </entry>
            <entry key="4f556d32-83cb-4b8b-9932-c4eccc4ce3af">
              <value>
                <MTFavoriteTheme />
              </value>
            </entry>
            <entry key="ARC_DARK">
              <value>
                <MTFavoriteTheme />
              </value>
            </entry>
            <entry key="Arc Dark">
              <value>
                <MTFavoriteTheme />
              </value>
            </entry>
            <entry key="Arc Dark Compact">
              <value>
                <MTFavoriteTheme />
              </value>
            </entry>
            <entry key="Arc Dark Compact Contrast">
              <value>
                <MTFavoriteTheme />
              </value>
            </entry>
            <entry key="Arc Dark Contrast">
              <value>
                <MTFavoriteTheme />
              </value>
            </entry>
            <entry key="Atom One Dark">
              <value>
                <MTFavoriteTheme />
              </value>
            </entry>
            <entry key="Atom One Dark Compact">
              <value>
                <MTFavoriteTheme />
              </value>
            </entry>
            <entry key="Atom One Dark Compact Contrast">
              <value>
                <MTFavoriteTheme />
              </value>
            </entry>
            <entry key="Atom One Dark Contrast">
              <value>
                <MTFavoriteTheme />
              </value>
            </entry>
            <entry key="Atom One Light">
              <value>
                <MTFavoriteTheme />
              </value>
            </entry>
            <entry key="Atom One Light Compact">
              <value>
                <MTFavoriteTheme />
              </value>
            </entry>
            <entry key="Atom One Light Compact Contrast">
              <value>
                <MTFavoriteTheme />
              </value>
            </entry>
            <entry key="Atom One Light Contrast">
              <value>
                <MTFavoriteTheme />
              </value>
            </entry>
            <entry key="DARKER">
              <value>
                <MTFavoriteTheme />
              </value>
            </entry>
            <entry key="DEEPOCEAN">
              <value>
                <MTFavoriteTheme />
              </value>
            </entry>
            <entry key="DRACULA">
              <value>
                <MTFavoriteTheme />
              </value>
            </entry>
            <entry key="Darcula">
              <value>
                <MTFavoriteTheme />
              </value>
            </entry>
            <entry key="Dracula">
              <value>
                <MTFavoriteTheme />
              </value>
            </entry>
            <entry key="Dracula Compact">
              <value>
                <MTFavoriteTheme />
              </value>
            </entry>
            <entry key="Dracula Compact Contrast">
              <value>
                <MTFavoriteTheme />
              </value>
            </entry>
            <entry key="Dracula Contrast">
              <value>
                <MTFavoriteTheme />
              </value>
            </entry>
            <entry key="ExperimentalDark">
              <value>
                <MTFavoriteTheme />
              </value>
            </entry>
            <entry key="ExperimentalLight">
              <value>
                <MTFavoriteTheme />
              </value>
            </entry>
            <entry key="ExperimentalLightWithLightHeader">
              <value>
                <MTFavoriteTheme />
              </value>
            </entry>
            <entry key="FOREST">
              <value>
                <MTFavoriteTheme />
              </value>
            </entry>
            <entry key="GITHUB">
              <value>
                <MTFavoriteTheme />
              </value>
            </entry>
            <entry key="GITHUB_DARK">
              <value>
                <MTFavoriteTheme />
              </value>
            </entry>
            <entry key="GitHub">
              <value>
                <MTFavoriteTheme />
              </value>
            </entry>
            <entry key="GitHub Compact">
              <value>
                <MTFavoriteTheme />
              </value>
            </entry>
            <entry key="GitHub Compact Contrast">
              <value>
                <MTFavoriteTheme />
              </value>
            </entry>
            <entry key="GitHub Contrast">
              <value>
                <MTFavoriteTheme />
              </value>
            </entry>
            <entry key="GitHub Dark">
              <value>
                <MTFavoriteTheme />
              </value>
            </entry>
            <entry key="GitHub Dark Compact">
              <value>
                <MTFavoriteTheme />
              </value>
            </entry>
            <entry key="GitHub Dark Compact Contrast">
              <value>
                <MTFavoriteTheme />
              </value>
            </entry>
            <entry key="GitHub Dark Contrast">
              <value>
                <MTFavoriteTheme />
              </value>
            </entry>
            <entry key="IntelliJ">
              <value>
                <MTFavoriteTheme />
              </value>
            </entry>
            <entry key="Islands Dark">
              <value>
                <MTFavoriteTheme />
              </value>
            </entry>
            <entry key="Islands Light">
              <value>
                <MTFavoriteTheme />
              </value>
            </entry>
            <entry key="JetBrainsHighContrastTheme">
              <value>
                <MTFavoriteTheme />
              </value>
            </entry>
            <entry key="JetBrainsLightTheme">
              <value>
                <MTFavoriteTheme />
              </value>
            </entry>
            <entry key="LIGHTER">
              <value>
                <MTFavoriteTheme />
              </value>
            </entry>
            <entry key="LIGHT_OWL">
              <value>
                <MTFavoriteTheme />
              </value>
            </entry>
            <entry key="Light Owl">
              <value>
                <MTFavoriteTheme />
              </value>
            </entry>
            <entry key="Light Owl Compact">
              <value>
                <MTFavoriteTheme />
              </value>
            </entry>
            <entry key="Light Owl Compact Contrast">
              <value>
                <MTFavoriteTheme />
              </value>
            </entry>
            <entry key="Light Owl Contrast">
              <value>
                <MTFavoriteTheme />
              </value>
            </entry>
            <entry key="MONOKAI">
              <value>
                <MTFavoriteTheme />
              </value>
            </entry>
            <entry key="MOONLIGHT">
              <value>
                <MTFavoriteTheme />
              </value>
            </entry>
            <entry key="Many Islands Dark">
              <value>
                <MTFavoriteTheme />
              </value>
            </entry>
            <entry key="Many Islands Light">
              <value>
                <MTFavoriteTheme />
              </value>
            </entry>
            <entry key="Material Darker">
              <value>
                <MTFavoriteTheme />
              </value>
            </entry>
            <entry key="Material Darker Compact">
              <value>
                <MTFavoriteTheme />
              </value>
            </entry>
            <entry key="Material Darker Compact Contrast">
              <value>
                <MTFavoriteTheme />
              </value>
            </entry>
            <entry key="Material Darker Contrast">
              <value>
                <MTFavoriteTheme />
              </value>
            </entry>
            <entry key="Material Deep Ocean">
              <value>
                <MTFavoriteTheme />
              </value>
            </entry>
            <entry key="Material Deep Ocean Compact">
              <value>
                <MTFavoriteTheme />
              </value>
            </entry>
            <entry key="Material Deep Ocean Compact Contrast">
              <value>
                <MTFavoriteTheme />
              </value>
            </entry>
            <entry key="Material Deep Ocean Contrast">
              <value>
                <MTFavoriteTheme />
              </value>
            </entry>
            <entry key="Material Forest">
              <value>
                <MTFavoriteTheme />
              </value>
            </entry>
            <entry key="Material Forest Compact">
              <value>
                <MTFavoriteTheme />
              </value>
            </entry>
            <entry key="Material Forest Compact Contrast">
              <value>
                <MTFavoriteTheme />
              </value>
            </entry>
            <entry key="Material Forest Contrast">
              <value>
                <MTFavoriteTheme />
              </value>
            </entry>
            <entry key="Material Lighter">
              <value>
                <MTFavoriteTheme />
              </value>
            </entry>
            <entry key="Material Lighter Compact">
              <value>
                <MTFavoriteTheme />
              </value>
            </entry>
            <entry key="Material Lighter Compact Contrast">
              <value>
                <MTFavoriteTheme />
              </value>
            </entry>
            <entry key="Material Lighter Contrast">
              <value>
                <MTFavoriteTheme />
              </value>
            </entry>
            <entry key="Material Oceanic">
              <value>
                <MTFavoriteTheme />
              </value>
            </entry>
            <entry key="Material Oceanic Compact">
              <value>
                <MTFavoriteTheme />
              </value>
            </entry>
            <entry key="Material Oceanic Compact Contrast">
              <value>
                <MTFavoriteTheme />
              </value>
            </entry>
            <entry key="Material Oceanic Contrast">
              <value>
                <MTFavoriteTheme />
              </value>
            </entry>
            <entry key="Material Palenight">
              <value>
                <MTFavoriteTheme />
              </value>
            </entry>
            <entry key="Material Palenight Compact">
              <value>
                <MTFavoriteTheme />
              </value>
            </entry>
            <entry key="Material Palenight Compact Contrast">
              <value>
                <MTFavoriteTheme />
              </value>
            </entry>
            <entry key="Material Palenight Contrast">
              <value>
                <MTFavoriteTheme />
              </value>
            </entry>
            <entry key="Material SandyBeach">
              <value>
                <MTFavoriteTheme />
              </value>
            </entry>
            <entry key="Material SandyBeach Compact">
              <value>
                <MTFavoriteTheme />
              </value>
            </entry>
            <entry key="Material SandyBeach Compact Contrast">
              <value>
                <MTFavoriteTheme />
              </value>
            </entry>
            <entry key="Material SandyBeach Contrast">
              <value>
                <MTFavoriteTheme />
              </value>
            </entry>
            <entry key="Material Sky Blue">
              <value>
                <MTFavoriteTheme />
              </value>
            </entry>
            <entry key="Material Sky Blue Compact">
              <value>
                <MTFavoriteTheme />
              </value>
            </entry>
            <entry key="Material Sky Blue Compact Contrast">
              <value>
                <MTFavoriteTheme />
              </value>
            </entry>
            <entry key="Material Sky Blue Contrast">
              <value>
                <MTFavoriteTheme />
              </value>
            </entry>
            <entry key="Material Space">
              <value>
                <MTFavoriteTheme />
              </value>
            </entry>
            <entry key="Material Space Compact">
              <value>
                <MTFavoriteTheme />
              </value>
            </entry>
            <entry key="Material Space Compact Contrast">
              <value>
                <MTFavoriteTheme />
              </value>
            </entry>
            <entry key="Material Space Contrast">
              <value>
                <MTFavoriteTheme />
              </value>
            </entry>
            <entry key="Material Volcano">
              <value>
                <MTFavoriteTheme />
              </value>
            </entry>
            <entry key="Material Volcano Compact">
              <value>
                <MTFavoriteTheme />
              </value>
            </entry>
            <entry key="Material Volcano Compact Contrast">
              <value>
                <MTFavoriteTheme />
              </value>
            </entry>
            <entry key="Material Volcano Contrast">
              <value>
                <MTFavoriteTheme />
              </value>
            </entry>
            <entry key="Monokai Pro">
              <value>
                <MTFavoriteTheme />
              </value>
            </entry>
            <entry key="Monokai Pro Compact">
              <value>
                <MTFavoriteTheme />
              </value>
            </entry>
            <entry key="Monokai Pro Compact Contrast">
              <value>
                <MTFavoriteTheme />
              </value>
            </entry>
            <entry key="Monokai Pro Contrast">
              <value>
                <MTFavoriteTheme />
              </value>
            </entry>
            <entry key="Moonlight">
              <value>
                <MTFavoriteTheme />
              </value>
            </entry>
            <entry key="Moonlight Compact">
              <value>
                <MTFavoriteTheme />
              </value>
            </entry>
            <entry key="Moonlight Compact Contrast">
              <value>
                <MTFavoriteTheme />
              </value>
            </entry>
            <entry key="Moonlight Contrast">
              <value>
                <MTFavoriteTheme />
              </value>
            </entry>
            <entry key="NIGHT_OWL">
              <value>
                <MTFavoriteTheme />
              </value>
            </entry>
            <entry key="Night Owl">
              <value>
                <MTFavoriteTheme />
              </value>
            </entry>
            <entry key="Night Owl Compact">
              <value>
                <MTFavoriteTheme />
              </value>
            </entry>
            <entry key="Night Owl Compact Contrast">
              <value>
                <MTFavoriteTheme />
              </value>
            </entry>
            <entry key="Night Owl Contrast">
              <value>
                <MTFavoriteTheme />
              </value>
            </entry>
            <entry key="OCEANIC">
              <value>
                <MTFavoriteTheme />
              </value>
            </entry>
            <entry key="ONE_DARK">
              <value>
                <MTFavoriteTheme />
              </value>
            </entry>
            <entry key="ONE_LIGHT">
              <value>
                <MTFavoriteTheme />
              </value>
            </entry>
            <entry key="One Island Dark">
              <value>
                <MTFavoriteTheme />
              </value>
            </entry>
            <entry key="One Island Light">
              <value>
                <MTFavoriteTheme />
              </value>
            </entry>
            <entry key="PALENIGHT">
              <value>
                <MTFavoriteTheme />
              </value>
            </entry>
            <entry key="SANDYBEACH">
              <value>
                <MTFavoriteTheme />
              </value>
            </entry>
            <entry key="SKYBLUE">
              <value>
                <MTFavoriteTheme />
              </value>
            </entry>
            <entry key="SOLARIZED_DARK">
              <value>
                <MTFavoriteTheme />
              </value>
            </entry>
            <entry key="SOLARIZED_LIGHT">
              <value>
                <MTFavoriteTheme />
              </value>
            </entry>
            <entry key="SPACE">
              <value>
                <MTFavoriteTheme />
              </value>
            </entry>
            <entry key="SYNTHWAVE">
              <value>
                <MTFavoriteTheme />
              </value>
            </entry>
            <entry key="Solarized Dark">
              <value>
                <MTFavoriteTheme />
              </value>
            </entry>
            <entry key="Solarized Dark Compact">
              <value>
                <MTFavoriteTheme />
              </value>
            </entry>
            <entry key="Solarized Dark Compact Contrast">
              <value>
                <MTFavoriteTheme />
              </value>
            </entry>
            <entry key="Solarized Dark Contrast">
              <value>
                <MTFavoriteTheme />
              </value>
            </entry>
            <entry key="Solarized Light">
              <value>
                <MTFavoriteTheme />
              </value>
            </entry>
            <entry key="Solarized Light Compact">
              <value>
                <MTFavoriteTheme />
              </value>
            </entry>
            <entry key="Solarized Light Compact Contrast">
              <value>
                <MTFavoriteTheme />
              </value>
            </entry>
            <entry key="Solarized Light Contrast">
              <value>
                <MTFavoriteTheme />
              </value>
            </entry>
            <entry key="SynthWave '84">
              <value>
                <MTFavoriteTheme />
              </value>
            </entry>
            <entry key="SynthWave '84 Compact">
              <value>
                <MTFavoriteTheme />
              </value>
            </entry>
            <entry key="SynthWave '84 Compact Contrast">
              <value>
                <MTFavoriteTheme />
              </value>
            </entry>
            <entry key="SynthWave '84 Contrast">
              <value>
                <MTFavoriteTheme />
              </value>
            </entry>
            <entry key="VOLCANO">
              <value>
                <MTFavoriteTheme />
              </value>
            </entry>
            <entry key="com.github.catppuccin.frappe.jetbrains">
              <value>
                <MTFavoriteTheme />
              </value>
            </entry>
            <entry key="com.github.catppuccin.latte.jetbrains">
              <value>
                <MTFavoriteTheme />
              </value>
            </entry>
            <entry key="com.github.catppuccin.macchiato.jetbrains">
              <value>
                <MTFavoriteTheme />
              </value>
            </entry>
            <entry key="com.github.catppuccin.mocha.jetbrains">
              <value>
                <MTFavoriteTheme />
              </value>
            </entry>
            <entry key="dinbtechit-2179230b863b9b1d9f1eeb27ca4a3a70">
              <value>
                <MTFavoriteTheme />
              </value>
            </entry>
            <entry key="dinbtechit-7ef0c378d737e162955f3e028dcf9ccb">
              <value>
                <MTFavoriteTheme />
              </value>
            </entry>
            <entry key="dinbtechit-e4968811e8c127f591d7e670706d4a3c">
              <value>
                <MTFavoriteTheme />
              </value>
            </entry>
            <entry key="e843a6a0-d4df-4c2a-b5b6-99dcbb839b8d">
              <value>
                <MTFavoriteTheme />
              </value>
            </entry>
            <entry key="f92a0fa7-1a98-47cd-b5cb-78ff67e6f4f3">
              <value>
                <MTFavoriteTheme />
              </value>
            </entry>
          </map>
        </option>
      </MTFavoriteThemesConfigState>
    </option>
    <option name="metadata">
      <MTMetadataState>
        <option name="userId" value="22897edf:1991834e1da:-8000" />
        <option name="version" value="10.5.0" />
        <option name="wizardShown" value="true" />
      </MTMetadataState>
    </option>
    <option name="themeState">
      <MTThemeConfigState>
        <option name="selectedThemeName" value="NATIVE" />
      </MTThemeConfigState>
    </option>
  </component>
</application>