<application>
  <component name="ProjectManager">
    <defaultProject>
      <component name="MaterialThemeProjectNewConfig">
        <option name="metadata">
          <MTProjectMetadataState>
            <option name="migrated" value="true" />
            <option name="pristineConfig" value="false" />
            <option name="userId" value="22897edf:1991834e1da:-7ffe" />
          </MTProjectMetadataState>
        </option>
      </component>
    </defaultProject>
  </component>
</application>