<application>
  <component name="Trusted.Paths">
    <option name="TRUSTED_PROJECT_PATHS">
      <map>
        <entry key="$USER_HOME$/src/op-alloy" value="true" />
        <entry key="$USER_HOME$/src/op-rbuilder" value="true" />
        <entry key="$USER_HOME$/src/reth" value="true" />
        <entry key="$USER_HOME$/src/reth/drain-agg-msgs" value="true" />
        <entry key="$USER_HOME$/src/reth/fb-engine-sidecar" value="true" />
        <entry key="$USER_HOME$/src/reth/flashblock-alloy" value="true" />
        <entry key="$USER_HOME$/src/reth/main" value="true" />
        <entry key="$USER_HOME$/src/rollup-boost" value="true" />
      </map>
    </option>
  </component>
  <component name="Trusted.Paths.Settings">
    <option name="TRUSTED_PATHS">
      <list>
        <option value="$USER_HOME$/src" />
      </list>
    </option>
  </component>
</application>