<application>
  <component name="DimensionService">
    <location key="find.popup.0.0.3024.1964@192dpi" x="1290" y="270" />
    <location key="find.popup.1712.-2666.6400.2666@192dpi" x="4442" y="-2346" />
    <location key="find.popup.-2128.-2160.3840.2160@192dpi" x="-490" y="-1892" />
    <size key="find.popup.0.0.3024.1964@192dpi" width="1396" height="1180" />
    <size key="find.popup.1712.-2666.6400.2666@192dpi" width="1396" height="1686" />
    <size key="GridCell.Tab.0.left.1712.-2666.6400.2666@192dpi" width="6236" height="836" />
    <size key="GridCell.Tab.0.center.1712.-2666.6400.2666@192dpi" width="6236" height="836" />
    <size key="GridCell.Tab.0.right.1712.-2666.6400.2666@192dpi" width="6236" height="836" />
    <size key="GridCell.Tab.0.bottom.1712.-2666.6400.2666@192dpi" width="6236" height="836" />
    <size key="GridCell.Tab.1.left.1712.-2666.6400.2666@192dpi" width="6236" height="836" />
    <size key="GridCell.Tab.1.center.1712.-2666.6400.2666@192dpi" width="6236" height="836" />
    <size key="GridCell.Tab.1.right.1712.-2666.6400.2666@192dpi" width="6236" height="836" />
    <size key="GridCell.Tab.1.bottom.1712.-2666.6400.2666@192dpi" width="6236" height="836" />
    <size key="GridCell.Tab.3.left.1712.-2666.6400.2666@192dpi" width="6236" height="836" />
    <size key="GridCell.Tab.3.center.1712.-2666.6400.2666@192dpi" width="6236" height="836" />
    <size key="GridCell.Tab.3.right.1712.-2666.6400.2666@192dpi" width="6236" height="836" />
    <size key="GridCell.Tab.3.bottom.1712.-2666.6400.2666@192dpi" width="6236" height="836" />
    <size key="GridCell.Tab.2.left.1712.-2666.6400.2666@192dpi" width="6236" height="836" />
    <size key="GridCell.Tab.2.center.1712.-2666.6400.2666@192dpi" width="6236" height="836" />
    <size key="GridCell.Tab.2.right.1712.-2666.6400.2666@192dpi" width="6236" height="836" />
    <size key="GridCell.Tab.2.bottom.1712.-2666.6400.2666@192dpi" width="6236" height="836" />
    <size key="GridCell.Tab.0.left.0.0.3024.1964@192dpi" width="2860" height="732" />
    <size key="GridCell.Tab.0.center.0.0.3024.1964@192dpi" width="2860" height="732" />
    <size key="GridCell.Tab.0.right.0.0.3024.1964@192dpi" width="2860" height="732" />
    <size key="GridCell.Tab.0.bottom.0.0.3024.1964@192dpi" width="2860" height="732" />
    <size key="find.popup.-2128.-2160.3840.2160@192dpi" width="1408" height="1534" />
    <size key="GridCell.Tab.0.left.-2128.-2160.3840.2160@192dpi" width="3676" height="606" />
    <size key="GridCell.Tab.0.center.-2128.-2160.3840.2160@192dpi" width="3676" height="606" />
    <size key="GridCell.Tab.0.right.-2128.-2160.3840.2160@192dpi" width="3676" height="606" />
    <size key="GridCell.Tab.0.bottom.-2128.-2160.3840.2160@192dpi" width="3676" height="606" />
  </component>
  <component name="WindowManager">
    <frame x="856" y="-944" width="1512" height="944" extendedState="6" />
  </component>
  <component name="WindowStateApplicationService">
    <state width="587" height="200" key="ShowUsagesActions.dimensionServiceKey" timestamp="1762891847566">
      <screen x="0" y="38" width="1512" height="944" />
    </state>
    <state width="587" height="116" key="ShowUsagesActions.dimensionServiceKey/0.38.1512.944" timestamp="1762579899383" />
    <state width="587" height="200" key="ShowUsagesActions.dimensionServiceKey/0.38.1512.944/-1064.-1055.1920.1055/856.-1308.3200.1308" timestamp="1762891847566" />
    <state width="640" height="814" key="ShowUsagesActions.dimensionServiceKey/0.38.1512.944/-1202.-1055.1920.1055/718.-1308.3200.1308" timestamp="1757731829918" />
    <state width="680" height="228" key="ShowUsagesActions.dimensionServiceKey/0.38.1512.944/856.-1308.3200.1308/-1064.-1055.1920.1055" timestamp="1762487280856" />
    <state x="756" y="461" width="800" height="650" key="WELCOME_SCREEN" timestamp="1762888424990">
      <screen x="0" y="38" width="1512" height="944" />
    </state>
    <state x="756" y="461" width="800" height="650" key="WELCOME_SCREEN/0.38.1512.944/-1064.-1055.1920.1055/856.-1308.3200.1308" timestamp="1762888424990" />
    <state x="756" y="461" width="800" height="650" key="WELCOME_SCREEN/0.38.1512.944/856.-1308.3200.1308/-1064.-1055.1920.1055" timestamp="1762037095502" />
  </component>
</application>