<application>
  <component name="DimensionService">
    <location key="find.popup.0.0.3024.1964@192dpi" x="1090" y="346" />
    <size key="find.popup.0.0.3024.1964@192dpi" width="1340" height="1578" />
  </component>
  <component name="WindowManager">
    <frame x="0" y="0" width="1456" height="924" extendedState="6" />
  </component>
  <component name="WindowStateApplicationService">
    <state width="640" height="814" key="ShowUsagesActions.dimensionServiceKey" timestamp="1757731829918">
      <screen x="0" y="38" width="1512" height="944" />
    </state>
    <state width="691" height="814" key="ShowUsagesActions.dimensionServiceKey/0.38.1512.944" timestamp="1757720536090" />
    <state width="640" height="814" key="ShowUsagesActions.dimensionServiceKey/0.38.1512.944/-1202.-1055.1920.1055/718.-1308.3200.1308" timestamp="1757731829918" />
  </component>
</application>