<keymap version="1" name="VSCode OSX Customized" parent="VSCode OSX">
  <action id="AIAssistant.Editor.AskAiAssistantInEditor">
    <keyboard-shortcut first-keystroke="meta g" />
  </action>
  <action id="ActivateAIAssistantToolWindow">
    <keyboard-shortcut first-keystroke="shift meta a" />
  </action>
  <action id="ActivateDebugToolWindow">
    <keyboard-shortcut first-keystroke="shift meta y" />
  </action>
  <action id="Back">
    <keyboard-shortcut first-keystroke="ctrl minus" />
    <mouse-shortcut keystroke="button4" />
    <keyboard-shortcut first-keystroke="meta open_bracket" />
  </action>
  <action id="Compare.SameVersion" />
  <action id="Diff.ApplyRightSide" />
  <action id="DownloadBackendFileToClient" />
  <action id="EditorIndentLineOrSelection" />
  <action id="EditorSelectLine" />
  <action id="EditorUnindentSelection">
    <keyboard-shortcut first-keystroke="shift tab" />
  </action>
  <action id="ExternalSystem.ProjectRefreshAction" />
  <action id="FindNext">
    <keyboard-shortcut first-keystroke="f3" />
    <keyboard-shortcut first-keystroke="meta k" second-keystroke="meta d" />
  </action>
  <action id="Forward">
    <keyboard-shortcut first-keystroke="shift ctrl minus" />
    <mouse-shortcut keystroke="button5" />
    <keyboard-shortcut first-keystroke="meta close_bracket" />
  </action>
  <action id="GotoAction">
    <keyboard-shortcut first-keystroke="f1" />
    <keyboard-shortcut first-keystroke="shift meta p" />
  </action>
  <action id="GotoDeclaration">
    <keyboard-shortcut first-keystroke="f12" />
    <mouse-shortcut keystroke="meta button1" />
    <mouse-shortcut keystroke="button2" />
    <mouse-shortcut keystroke="Force touch" />
    <keyboard-shortcut first-keystroke="shift meta d" />
  </action>
  <action id="GotoImplementation">
    <keyboard-shortcut first-keystroke="meta f12" />
    <keyboard-shortcut first-keystroke="shift meta i" />
  </action>
  <action id="GotoLine">
    <keyboard-shortcut first-keystroke="ctrl g" />
    <keyboard-shortcut first-keystroke="meta l" />
  </action>
  <action id="GotoSymbol" />
  <action id="GotoTypeDeclaration">
    <keyboard-shortcut first-keystroke="shift ctrl b" />
    <mouse-shortcut keystroke="shift meta button1" />
    <keyboard-shortcut first-keystroke="shift meta t" />
  </action>
  <action id="JavaScript.ShowComponentUsages" />
  <action id="MoveTabRight" />
  <action id="PrevSplitter">
    <keyboard-shortcut first-keystroke="shift alt tab" />
    <keyboard-shortcut first-keystroke="ctrl meta left" />
  </action>
  <action id="QuickImplementations">
    <keyboard-shortcut first-keystroke="alt space" />
    <keyboard-shortcut first-keystroke="alt f12" />
    <keyboard-shortcut first-keystroke="meta d" />
  </action>
  <action id="QuickTypeDefinition">
    <keyboard-shortcut first-keystroke="meta t" />
  </action>
  <action id="ReopenClosedTab" />
  <action id="SelectNextOccurrence">
    <keyboard-shortcut first-keystroke="meta f3" />
  </action>
  <action id="ServiceView.ShowServices" />
  <action id="ShowUsages">
    <keyboard-shortcut first-keystroke="shift f12" />
    <keyboard-shortcut first-keystroke="meta r" />
  </action>
  <action id="Vcs.Log.FocusTextFilter" />
</keymap>